symbol,entry_date,exit_date,entry_price,exit_price,shares,position_value,exit_value,pnl,pnl_pct,days_held,exit_reason,exit_strength
INFY,2023-01-27,2023-02-02,1339.83,1257.21,7,9378.81,8800.470000000001,-578.3399999999983,-0.06166453953113447,6,stop_loss,1.0
HINDUNILVR,2023-01-27,2023-02-03,2508.39,2333.46,3,7525.17,7000.38,-524.79,-0.06973795940822593,7,stop_loss,1.0
RELIANCE,2023-02-02,2023-02-10,2194.51,2573.21,3,6583.530000000001,7719.63,1136.0999999999995,0.17256699673275575,8,target_achieved,1.0
TCS,2023-02-08,2023-02-17,2873.38,3029.12,3,8620.14,9087.36,467.22000000000116,0.05420097585422039,9,technical_exit_stoch_rsi_overbought+rsi_overbought,0.8999999999999999
INFY,2023-02-13,2023-02-23,1304.85,1226.0,7,9133.949999999999,8582.0,-551.9499999999989,-0.06042840173199978,10,stop_loss,1.0
RELIANCE,2023-02-15,2023-03-14,2450.93,2597.99,3,7352.789999999999,7793.969999999999,441.1800000000003,0.06000171363523232,27,trend_reversal,0.6
HDFCBANK,2023-03-02,2023-03-17,1330.21,1489.49,6,7981.26,8936.94,955.6800000000003,0.11974049210275067,15,technical_exit_stoch_rsi_overbought+rsi_overbought,0.8999999999999999
RELIANCE,2023-03-21,2023-03-22,2836.6,2620.9,3,8509.8,7862.700000000001,-647.0999999999985,-0.07604174011140091,1,stop_loss,1.0
INFY,2023-03-15,2023-03-22,1247.97,1164.32,6,7487.82,6985.92,-501.89999999999964,-0.06702885486029318,7,stop_loss,1.0
TCS,2023-03-15,2023-03-28,3490.6,3302.97,2,6981.2,6605.94,-375.2600000000002,-0.053752936457915575,13,stop_loss,1.0
HDFCBANK,2023-03-23,2023-03-29,1481.5,1370.38,5,7407.5,6851.900000000001,-555.5999999999995,-0.07500506243671946,6,stop_loss,1.0
HINDUNILVR,2023-03-21,2023-03-29,1924.2,2101.67,4,7696.8,8406.68,709.8800000000001,0.09223053736617816,8,technical_exit_stoch_rsi_overbought+rsi_overbought,0.8999999999999999
RELIANCE,2023-04-10,2023-04-21,2707.5,2560.81,3,8122.5,7682.43,-440.0699999999997,-0.05417913204062791,11,stop_loss,1.0
TCS,2023-04-06,2023-04-24,3488.52,3875.73,2,6977.04,7751.46,774.4200000000001,0.11099549379106327,18,technical_exit_stoch_rsi_overbought+rsi_overbought,0.8999999999999999
HINDUNILVR,2023-04-11,2023-04-24,2128.86,1960.7,3,6386.58,5882.1,-504.47999999999956,-0.07899063348458803,13,stop_loss,1.0
INFY,2023-04-20,2023-05-02,1007.06,927.91,7,7049.42,6495.37,-554.0500000000002,-0.07859511846364664,12,stop_loss,1.0
TCS,2023-04-25,2023-05-05,3780.95,3435.84,2,7561.9,6871.68,-690.2199999999993,-0.09127600206297351,10,stop_loss,1.0
HDFCBANK,2023-05-04,2023-05-11,1318.09,1247.39,5,6590.45,6236.950000000001,-353.4999999999991,-0.05363821893800865,7,stop_loss,1.0
HINDUNILVR,2023-05-03,2023-05-17,2077.17,1939.03,4,8308.68,7756.12,-552.5600000000004,-0.06650394527169182,14,stop_loss,1.0
INFY,2023-05-09,2023-05-19,964.22,889.42,7,6749.54,6225.94,-523.6000000000004,-0.07757565700773689,10,stop_loss,1.0
RELIANCE,2023-04-28,2023-05-23,2771.93,2624.03,3,8315.789999999999,7872.09,-443.6999999999989,-0.05335632573694128,25,stop_loss,1.0
INFY,2023-05-23,2023-05-29,945.36,854.68,10,9453.6,8546.8,-906.8000000000011,-0.09592113057459599,6,stop_loss,1.0
TCS,2023-06-19,2023-06-27,3133.37,2942.28,2,6266.74,5884.56,-382.1799999999994,-0.0609854565531679,8,stop_loss,1.0
RELIANCE,2023-06-08,2023-06-29,2774.49,3155.33,3,8323.47,9465.99,1142.5200000000004,0.1372648666962217,21,technical_exit_stoch_rsi_overbought+rsi_overbought,0.8999999999999999
HINDUNILVR,2023-06-20,2023-07-06,1851.23,2130.99,4,7404.92,8523.96,1119.039999999999,0.15112114648098818,16,target_achieved,1.0
TCS,2023-07-07,2023-07-14,2982.27,2761.1,3,8946.81,8283.3,-663.5100000000002,-0.0741616285581118,7,stop_loss,1.0
INFY,2023-07-14,2023-07-21,750.36,699.46,10,7503.6,6994.6,-509.0,-0.06783410629564472,7,stop_loss,1.0
RELIANCE,2023-07-20,2023-07-27,3696.01,3499.06,1,3696.01,3499.06,-196.95000000000027,-0.053287193487030676,7,stop_loss,1.0
TCS,2023-07-24,2023-07-27,2873.16,2709.83,2,5746.32,5419.66,-326.65999999999985,-0.056846816745325685,3,stop_loss,1.0
INFY,2023-07-24,2023-07-28,709.43,658.88,10,7094.299999999999,6588.8,-505.4999999999991,-0.07125438732503553,4,stop_loss,1.0
HDFCBANK,2023-07-13,2023-08-02,837.13,773.38,9,7534.17,6960.42,-573.75,-0.07615304671914756,20,stop_loss,1.0
INFY,2023-08-09,2023-08-17,712.9,662.2,10,7129.0,6622.0,-507.0,-0.0711179688595875,8,stop_loss,1.0
HINDUNILVR,2023-07-07,2023-08-18,2052.82,1943.55,4,8211.28,7774.2,-437.08000000000084,-0.05322921639500794,42,stop_loss,1.0
TCS,2023-08-22,2023-08-25,2589.16,2425.47,3,7767.48,7276.41,-491.0699999999997,-0.0632212763985231,3,stop_loss,1.0
RELIANCE,2023-08-23,2023-09-14,3525.56,3282.8,2,7051.12,6565.6,-485.5199999999995,-0.06885714609877573,22,stop_loss,1.0
HDFCBANK,2023-08-08,2023-09-14,825.51,755.64,10,8255.1,7556.4,-698.7000000000007,-0.08463858705527492,37,stop_loss,1.0
TCS,2023-09-07,2023-09-21,2426.56,2663.59,2,4853.12,5327.18,474.0600000000004,0.09768149149413169,14,technical_exit_stoch_rsi_overbought+rsi_overbought,0.8999999999999999
HINDUNILVR,2023-09-05,2023-09-21,2026.25,2137.37,3,6078.75,6412.11,333.3599999999997,0.05484022208513258,16,technical_exit_stoch_rsi_overbought+rsi_overbought,0.8999999999999999
TCS,2023-09-25,2023-09-27,2512.64,2349.2,3,7537.92,7047.599999999999,-490.3200000000006,-0.06504712175241979,2,stop_loss,1.0
INFY,2023-08-31,2023-10-03,686.44,796.62,11,7550.84,8762.82,1211.9799999999996,0.16050929433016714,33,target_achieved,1.0
HINDUNILVR,2023-09-26,2023-10-24,2143.46,1979.46,3,6430.38,5938.38,-492.0,-0.07651180801134615,28,stop_loss,1.0
TCS,2023-10-18,2023-10-26,2426.4,2224.62,3,7279.200000000001,6673.86,-605.340000000001,-0.08316023738872412,8,stop_loss,1.0
INFY,2023-10-06,2023-10-31,772.71,800.26,11,8499.810000000001,8802.86,303.0499999999993,0.035653738142381944,25,trend_reversal,0.6
RELIANCE,2023-11-03,2023-11-10,2805.69,3062.88,3,8417.07,9188.64,771.5699999999997,0.09166729039915317,7,technical_exit_stoch_rsi_overbought+rsi_overbought,0.8999999999999999
HDFCBANK,2023-11-03,2023-11-15,711.51,655.24,10,7115.1,6552.4,-562.7000000000007,-0.07908532557518515,12,stop_loss,1.0
HINDUNILVR,2023-10-31,2023-11-15,2145.04,2256.12,4,8580.16,9024.48,444.3199999999997,0.05178458210569496,15,technical_exit_stoch_rsi_overbought+rsi_overbought,0.8999999999999999
RELIANCE,2023-11-13,2023-11-23,2922.42,2742.21,2,5844.84,5484.42,-360.4200000000001,-0.06166464779189851,10,stop_loss,1.0
INFY,2023-11-03,2023-11-27,851.77,758.95,8,6814.16,6071.6,-742.5599999999995,-0.10897307958721243,24,stop_loss,1.0
TCS,2023-11-21,2023-11-28,2150.34,1970.64,3,6451.02,5911.92,-539.1000000000004,-0.08356817991573427,7,stop_loss,1.0
HINDUNILVR,2023-11-20,2023-12-06,2301.4,2670.71,3,6904.200000000001,8012.13,1107.9299999999994,0.16047188667767442,16,target_achieved,1.0
RELIANCE,2023-11-24,2024-01-09,2924.61,2721.53,2,5849.22,5443.06,-406.15999999999985,-0.069438318271496,46,stop_loss,1.0
HDFCBANK,2023-11-30,2024-01-12,682.16,805.87,11,7503.759999999999,8864.57,1360.8100000000004,0.181350416324616,43,target_achieved,1.0
INFY,2024-01-12,2024-01-16,611.41,569.8,14,8559.74,7977.199999999999,-582.5400000000009,-0.06805580543334262,4,stop_loss,1.0
INFY,2024-01-18,2024-02-02,591.58,561.32,13,7690.540000000001,7297.160000000001,-393.3800000000001,-0.051151154535312195,15,stop_loss,1.0
RELIANCE,2024-02-01,2024-02-05,2610.58,2334.43,2,5221.16,4668.86,-552.3000000000002,-0.10578109079208456,4,stop_loss,1.0
HINDUNILVR,2024-01-03,2024-02-06,2780.59,3093.15,2,5561.18,6186.3,625.1199999999999,0.11240779834495554,34,technical_exit_macd_bearish+rsi_overbought,0.8999999999999999
HINDUNILVR,2024-02-07,2024-02-09,3092.4,2884.88,2,6184.8,5769.76,-415.03999999999996,-0.0671064545336955,2,stop_loss,1.0
HDFCBANK,2024-02-28,2024-03-04,817.1,773.11,9,7353.900000000001,6957.99,-395.91000000000076,-0.05383673968914455,5,stop_loss,1.0
INFY,2024-03-01,2024-03-15,507.88,478.79,13,6602.44,6224.27,-378.16999999999916,-0.05727730960069303,14,stop_loss,1.0
TCS,2024-01-17,2024-03-18,1698.88,1801.13,5,8494.400000000001,9005.650000000001,511.25,0.06018671124505556,61,time_based_exit,0.4
HINDUNILVR,2024-02-21,2024-03-21,3083.98,3233.91,2,6167.96,6467.82,299.8599999999997,0.04861574977788437,29,trend_reversal,0.6
RELIANCE,2024-03-13,2024-03-29,1976.7,1825.6,3,5930.1,5476.799999999999,-453.3000000000011,-0.0764405322001316,16,stop_loss,1.0
HINDUNILVR,2024-04-02,2024-04-08,3502.88,3323.03,2,7005.76,6646.06,-359.6999999999998,-0.05134346594801989,6,stop_loss,1.0
TCS,2024-03-19,2024-04-09,1842.7,2176.86,4,7370.8,8707.44,1336.6400000000003,0.181342595105009,21,target_achieved,1.0
INFY,2024-03-28,2024-04-09,515.22,478.4,15,7728.3,7176.0,-552.3000000000002,-0.07146461705679137,12,stop_loss,1.0
HDFCBANK,2024-04-01,2024-04-17,715.85,752.02,10,7158.5,7520.2,361.6999999999998,0.050527345114199845,16,technical_exit_stoch_rsi_overbought+rsi_overbought,0.8999999999999999
HINDUNILVR,2024-04-10,2024-04-18,3369.26,3189.13,2,6738.52,6378.26,-360.2600000000002,-0.05346277817681037,8,stop_loss,1.0
HDFCBANK,2024-04-18,2024-04-23,741.49,687.33,11,8156.39,7560.63,-595.7600000000002,-0.07304211789774638,5,stop_loss,1.0
INFY,2024-04-18,2024-04-25,517.7,477.31,15,7765.500000000001,7159.65,-605.8500000000013,-0.07801815723391933,7,stop_loss,1.0
TCS,2024-04-26,2024-05-08,2369.5,2730.74,3,7108.5,8192.22,1083.7199999999993,0.15245410424140104,12,target_achieved,1.0
INFY,2024-05-01,2024-05-08,497.01,577.06,15,7455.15,8655.9,1200.75,0.1610631576829439,7,target_achieved,1.0
TCS,2024-05-09,2024-05-10,2783.5,2621.0,3,8350.5,7863.0,-487.5,-0.058379737740255074,1,stop_loss,1.0
RELIANCE,2024-05-17,2024-06-11,1680.62,1739.66,4,6722.48,6958.64,236.16000000000076,0.0351298925396581,25,trend_reversal,0.6
HDFCBANK,2024-05-15,2024-06-13,668.67,776.61,11,7355.37,8542.710000000001,1187.340000000001,0.16142491812104634,29,target_achieved,1.0
HINDUNILVR,2024-04-30,2024-06-13,3295.11,3082.28,2,6590.22,6164.56,-425.65999999999985,-0.06458964951094194,44,stop_loss,1.0
INFY,2024-05-27,2024-06-25,660.24,616.79,9,5942.16,5551.11,-391.0500000000002,-0.06580940264146377,29,stop_loss,1.0
HINDUNILVR,2024-06-21,2024-07-03,3293.16,3497.83,2,6586.32,6995.66,409.34000000000015,0.062150032187928944,12,technical_exit_stoch_rsi_overbought+rsi_overbought,0.8999999999999999
RELIANCE,2024-07-02,2024-07-04,1673.52,1557.65,4,6694.08,6230.6,-463.47999999999956,-0.06923729623786981,2,stop_loss,1.0
TCS,2024-05-13,2024-07-08,2636.15,2502.9,3,7908.450000000001,7508.700000000001,-399.75,-0.05054719951444341,56,stop_loss,1.0
HDFCBANK,2024-06-19,2024-07-11,780.96,898.74,10,7809.6,8987.4,1177.7999999999993,0.15081438229870925,22,target_achieved,1.0
HINDUNILVR,2024-07-04,2024-07-12,3547.22,3327.27,2,7094.44,6654.54,-439.89999999999964,-0.06200630352783302,8,stop_loss,1.0
RELIANCE,2024-07-15,2024-07-17,1633.57,1535.55,4,6534.28,6142.2,-392.0799999999999,-0.060003550505947086,2,stop_loss,1.0
HDFCBANK,2024-07-12,2024-07-18,922.88,873.91,8,7383.04,6991.28,-391.7600000000002,-0.053062153259362026,6,stop_loss,1.0
INFY,2024-07-05,2024-07-25,636.73,728.03,11,7004.030000000001,8008.33,1004.2999999999993,0.1433888775462126,20,technical_exit_stoch_rsi_overbought+rsi_overbought,0.8999999999999999
RELIANCE,2024-07-22,2024-08-02,1634.92,1489.01,5,8174.6,7445.05,-729.5500000000002,-0.0892459569887212,11,stop_loss,1.0
INFY,2024-07-29,2024-08-05,730.03,675.39,11,8030.33,7429.29,-601.04,-0.07484623919564948,7,stop_loss,1.0
TCS,2024-07-30,2024-08-09,2628.33,2967.51,2,5256.66,5935.02,678.3600000000006,0.12904772231797387,10,technical_exit_stoch_rsi_overbought+rsi_overbought,0.8999999999999999
HINDUNILVR,2024-08-22,2024-08-27,2621.32,2489.97,3,7863.960000000001,7469.91,-394.0500000000011,-0.05010834236186362,5,stop_loss,1.0
HDFCBANK,2024-08-16,2024-08-29,848.05,975.77,11,9328.55,10733.47,1404.92,0.1506043275750251,13,target_achieved,1.0
INFY,2024-08-26,2024-08-29,668.12,626.77,11,7349.32,6894.469999999999,-454.85000000000036,-0.06189007962641445,3,stop_loss,1.0
HINDUNILVR,2024-08-29,2024-09-05,2545.3,2718.84,3,7635.900000000001,8156.52,520.6199999999999,0.0681805681059207,7,technical_exit_stoch_rsi_overbought+rsi_overbought,0.8999999999999999
INFY,2024-09-09,2024-09-11,667.67,630.94,11,7344.37,6940.34,-404.02999999999975,-0.05501220662902318,2,stop_loss,1.0
HDFCBANK,2024-09-05,2024-09-24,948.57,893.3,9,8537.130000000001,8039.7,-497.4300000000012,-0.058266654016045305,19,stop_loss,1.0
RELIANCE,2024-09-27,2024-10-01,990.62,935.84,7,6934.34,6550.88,-383.46000000000004,-0.055298701823100656,4,stop_loss,1.0
TCS,2024-09-16,2024-10-03,3371.67,3199.49,2,6743.34,6398.98,-344.3600000000006,-0.051066682089291146,17,stop_loss,1.0
INFY,2024-09-12,2024-10-09,643.31,743.69,12,7719.719999999999,8924.28,1204.5600000000013,0.15603674744679877,27,target_achieved,1.0
RELIANCE,2024-10-03,2024-10-10,961.49,1109.43,7,6730.43,7766.01,1035.58,0.15386535481388267,7,target_achieved,1.0
HINDUNILVR,2024-09-06,2024-10-10,2703.07,2911.81,3,8109.210000000001,8735.43,626.2199999999993,0.07722330535280247,34,technical_exit_stoch_rsi_overbought+rsi_overbought,0.8999999999999999
INFY,2024-10-10,2024-10-14,775.14,713.49,11,8526.539999999999,7848.39,-678.1499999999987,-0.07953401966096445,4,stop_loss,1.0
RELIANCE,2024-10-11,2024-10-15,1086.86,996.1,8,8694.88,7968.8,-726.079999999999,-0.0835066153874463,4,stop_loss,1.0
RELIANCE,2024-10-16,2024-10-18,1048.28,988.56,7,7337.96,6919.92,-418.03999999999996,-0.056969511962452805,2,stop_loss,1.0
INFY,2024-10-15,2024-10-22,689.32,631.73,12,8271.84,7580.76,-691.0799999999999,-0.08354610340625548,7,stop_loss,1.0
RELIANCE,2024-10-21,2024-10-23,1049.16,989.83,7,7344.120000000001,6928.81,-415.3100000000004,-0.05655000190628697,2,stop_loss,1.0
HINDUNILVR,2024-10-11,2024-10-31,2832.38,2733.13,2,5664.76,5466.26,-198.5,-0.035041202098588464,20,end_of_backtest,0.5
HDFCBANK,2024-10-17,2024-10-31,849.95,809.81,8,6799.6,6478.48,-321.1200000000008,-0.04722630742984893,14,end_of_backtest,0.5
